sheet,holiday_date
Fall 25 Highlevel and Academic ,2025-09-01
Fall 25 Highlevel and Academic ,2025-10-11
Fall 25 Highlevel and Academic ,2025-10-12
Fall 25 Highlevel and Academic ,2025-10-13
Fall 25 Highlevel and Academic ,
Fall 25 Highlevel and Academic ,2025-11-11
Fall 25 Highlevel and Academic ,2025-11-27
Fall 25 Highlevel and Academic ,2025-11-28
Spring 26 Highlevel and Academi,2026-01-19
Spring 26 Highlevel and Academi,2026-03-09
Spring 26 Highlevel and Academi,2026-03-10
Spring 26 Highlevel and Academi,2026-03-11
Spring 26 Highlevel and Academi,2026-03-12
Spring 26 Highlevel and Academi,2026-03-13
Spring 26 Highlevel and Academi,
